{"MKT_vw": {"n": 5033, "mean_daily": 0.00043561851778263456, "vol_daily": 0.012041398713177167, "vol_annual": 0.1911512785946398, "skew": -0.38420824528624825, "excess_kurtosis": 11.849537354491138, "min": -0.118168, "max": 0.114918}, "MKT_ew": {"n": 5033, "mean_daily": 0.00043744009537055427, "vol_daily": 0.011391195376943426, "vol_annual": 0.18082962061884583, "skew": -0.5608331527689194, "excess_kurtosis": 11.106096333597893, "min": -0.107631, "max": 0.107422}, "SP500": {"n": 5033, "mean_daily": 0.0003870061593483012, "vol_daily": 0.012075989470718399, "vol_annual": 0.19170038984733237, "skew": -0.263753111896931, "excess_kurtosis": 12.750957983929275, "min": -0.119841, "max": 0.1158}, "MSFT": {"n": 5033, "mean_daily": 0.0007665541426584543, "vol_daily": 0.01708906040893047, "vol_annual": 0.2712804238907387, "skew": 0.2388148118988758, "excess_kurtosis": 9.921060422239599, "min": -0.14739, "max": 0.186047}, "KO": {"n": 5033, "mean_daily": 0.0004028648917146831, "vol_daily": 0.011418573521814253, "vol_annual": 0.18126423519496487, "skew": 0.08035889454580283, "excess_kurtosis": 12.827543723922844, "min": -0.096725, "max": 0.138795}, "XOM": {"n": 5033, "mean_daily": 0.00041972739916550756, "vol_daily": 0.016756231549820224, "vol_annual": 0.2659969295486323, "skew": 0.22304454830239026, "excess_kurtosis": 10.091265922939717, "min": -0.139525, "max": 0.171905}, "GE": {"n": 5033, "mean_daily": 0.0003068464136697793, "vol_daily": 0.02077828721936256, "vol_annual": 0.3298450839138307, "skew": 0.2524471966692012, "excess_kurtosis": 8.945461505716796, "min": -0.151592, "max": 0.197031}, "AAPL": {"n": 5033, "mean_daily": 0.0013090949731770316, "vol_daily": 0.020246468031263586, "vol_annual": 0.3214027160288577, "skew": -0.022658653510007273, "excess_kurtosis": 5.34550932672974, "min": -0.179195, "max": 0.13905}, "PG": {"n": 5033, "mean_daily": 0.00039611663024041326, "vol_daily": 0.01136417653284136, "vol_annual": 0.1804007097656069, "skew": 0.10708407724146704, "excess_kurtosis": 10.424329711467617, "min": -0.087373, "max": 0.12009}, "JNJ": {"n": 5033, "mean_daily": 0.0003346516987879992, "vol_daily": 0.01076006080685677, "vol_annual": 0.17081066992125613, "skew": 0.23103362367154584, "excess_kurtosis": 11.72133583437556, "min": -0.100379, "max": 0.122292}, "JPM": {"n": 5033, "mean_daily": 0.0007275877210411286, "vol_daily": 0.022916178694342076, "vol_annual": 0.3637830589508759, "skew": 0.9603482607539688, "excess_kurtosis": 19.699693172641734, "min": -0.207274, "max": 0.250967}, "WMT": {"n": 5033, "mean_daily": 0.0004859517186568647, "vol_daily": 0.012647768509398903, "vol_annual": 0.20077710069470156, "skew": 0.23479350827669104, "excess_kurtosis": 12.869094948946282, "min": -0.113758, "max": 0.117085}, "INTC": {"n": 5033, "mean_daily": 0.00029320047685277165, "vol_daily": 0.020627652320362233, "vol_annual": 0.32745382902469755, "skew": -0.5220686827710713, "excess_kurtosis": 12.34392036569472, "min": -0.260585, "max": 0.195213}, "_meta": {"source": "CRSP daily returns via wrds_extract_crsp.py", "estimators": ["Gaussian", "KDE (Silverman)", "AD-Wiener", "adaptive Mixture"], "reference": "historical (empirical) quantile / shortfall", "alphas": [0.005, 0.01, 0.05], "annualization": "sqrt(252)"}}