{"MKT_vw": {"levels": [0.005, 0.01, 0.05], "historical": {"0.005": -0.06361007692307691, "0.010": -0.05162803921568627, "0.050": -0.029731178571428568}, "methods": {"Gaussian": {"0.005": -0.03419265301288848, "0.010": -0.03183801525865569, "0.050": -0.02457626528441426}, "KDE": {"0.005": -0.06268409041920193, "0.010": -0.05095758382382161, "0.050": -0.02942707897891825}, "AD-Wiener": {"0.005": -0.06607603278778823, "0.010": -0.05248289817268494, "0.050": -0.029859888455980515}, "Mixture": {"0.005": -0.0643512905430631, "0.010": -0.052294046813001344, "0.050": -0.02959940125734315}}, "hill_tail_index": 2.7692860097898047}, "MKT_ew": {"levels": [0.005, 0.01, 0.05], "historical": {"0.005": -0.06215546153846155, "0.010": -0.04905356862745097, "0.050": -0.027235964285714287}, "methods": {"Gaussian": {"0.005": -0.03234977383252449, "0.010": -0.029893384998225594, "0.050": -0.023063680788030234}, "KDE": {"0.005": -0.06149294489981467, "0.010": -0.048290435310651976, "0.050": -0.027049540882285526}, "AD-Wiener": {"0.005": -0.06325370965528213, "0.010": -0.049699984125724565, "0.050": -0.02743325512132508}, "Mixture": {"0.005": -0.058828120151216245, "0.010": -0.04784507005855584, "0.050": -0.02722488540655321}}, "hill_tail_index": 2.5891626271790518}, "SP500": {"levels": [0.005, 0.01, 0.05], "historical": {"0.005": -0.06320123076923077, "0.010": -0.051508411764705886, "0.050": -0.029752686507936506}, "methods": {"Gaussian": {"0.005": -0.034476924301357736, "0.010": -0.031743128530179146, "0.050": -0.024524002204862717}, "KDE": {"0.005": -0.06200307979722764, "0.010": -0.0509432860857954, "0.050": -0.029792393430623263}, "AD-Wiener": {"0.005": -0.06713625457264295, "0.010": -0.053431227739180215, "0.050": -0.030472367633708138}, "Mixture": {"0.005": -0.06369152145416512, "0.010": -0.05152530751255869, "0.050": -0.029531067626660575}}, "hill_tail_index": 2.7017287958857645}, "MSFT": {"levels": [0.005, 0.01, 0.05], "historical": {"0.005": -0.07850523076923076, "0.010": -0.0651349411764706, "0.050": -0.038927337301587296}, "methods": {"Gaussian": {"0.005": -0.04858158343995744, "0.010": -0.044978137458373826, "0.050": -0.034460489416103725}, "KDE": {"0.005": -0.07745507315666661, "0.010": -0.06443953369941047, "0.050": -0.03916144715802996}, "AD-Wiener": {"0.005": -0.08029281996759577, "0.010": -0.06646669959847273, "0.050": -0.0389650534271569}, "Mixture": {"0.005": -0.08203240277715888, "0.010": -0.06634928651030016, "0.050": -0.038393993743936004}}, "hill_tail_index": 3.068335651449117}, "KO": {"levels": [0.005, 0.01, 0.05], "historical": {"0.005": -0.057319499999999995, "0.010": -0.04595690196078431, "0.050": -0.026586265873015873}, "methods": {"Gaussian": {"0.005": -0.032721077474638725, "0.010": -0.02986392792734601, "0.050": -0.023262309019305136}, "KDE": {"0.005": -0.05809877922645655, "0.010": -0.046673492653907994, "0.050": -0.026566281256149207}, "AD-Wiener": {"0.005": -0.06083488934894135, "0.010": -0.047702302968032205, "0.050": -0.026817181126799566}, "Mixture": {"0.005": -0.05720385708452198, "0.010": -0.04582273896316687, "0.050": -0.026409347092177106}}, "hill_tail_index": 2.9564803265905892}, "XOM": {"levels": [0.005, 0.01, 0.05], "historical": {"0.005": -0.07675984615384615, "0.010": -0.06271549019607843, "0.050": -0.03827963492063492}, "methods": {"Gaussian": {"0.005": -0.047945958244982934, "0.010": -0.04415049163749178, "0.050": -0.03412816256466582}, "KDE": {"0.005": -0.07813540559172923, "0.010": -0.06302017866063503, "0.050": -0.038642112708408276}, "AD-Wiener": {"0.005": -0.08115909203843232, "0.010": -0.06425605970151217, "0.050": -0.038762584764908056}, "Mixture": {"0.005": -0.07516030434788194, "0.010": -0.06072901465028488, "0.050": -0.03768064965167677}}, "hill_tail_index": 3.126931557808012}, "GE": {"levels": [0.005, 0.01, 0.05], "historical": {"0.005": -0.09825830769230771, "0.010": -0.08406403921568628, "0.050": -0.04965052380952382}, "methods": {"Gaussian": {"0.005": -0.0595011608982881, "0.010": -0.054951974566477366, "0.050": -0.04231035150110681}, "KDE": {"0.005": -0.09886508691169996, "0.010": -0.08464843721843848, "0.050": -0.05024349454527979}, "AD-Wiener": {"0.005": -0.10225436003675417, "0.010": -0.08585540926649061, "0.050": -0.05010782333999221}, "Mixture": {"0.005": -0.10223570059115318, "0.010": -0.0870388126470794, "0.050": -0.050005613527841795}}, "hill_tail_index": 2.653998915598764}, "AAPL": {"levels": [0.005, 0.01, 0.05], "historical": {"0.005": -0.08517065384615385, "0.010": -0.0721666862745098, "0.050": -0.045666674603174605}, "methods": {"Gaussian": {"0.005": -0.057331237314151746, "0.010": -0.05245634392107563, "0.050": -0.04034235788706763}, "KDE": {"0.005": -0.08323027481106783, "0.010": -0.07119837682844563, "0.050": -0.045378217193685254}, "AD-Wiener": {"0.005": -0.0841747977780893, "0.010": -0.07147252014487274, "0.050": -0.0456386443008508}, "Mixture": {"0.005": -0.08644096859223664, "0.010": -0.0725784177855367, "0.050": -0.04568550818152409}}, "hill_tail_index": 3.4454972399845034}, "PG": {"levels": [0.005, 0.01, 0.05], "historical": {"0.005": -0.055514999999999995, "0.010": -0.04579027450980393, "0.050": -0.026710583333333336}, "methods": {"Gaussian": {"0.005": -0.03240289579004098, "0.010": -0.03002751955732448, "0.050": -0.023092416176406227}, "KDE": {"0.005": -0.056017955791174336, "0.010": -0.04591542028687548, "0.050": -0.026681239895427828}, "AD-Wiener": {"0.005": -0.057702733909949386, "0.010": -0.046898663326652795, "0.050": -0.026943886660392956}, "Mixture": {"0.005": -0.05655927545029665, "0.010": -0.04603454114543818, "0.050": -0.0262883406966928}}, "hill_tail_index": 2.783536754568082}, "JNJ": {"levels": [0.005, 0.01, 0.05], "historical": {"0.005": -0.05202192307692308, "0.010": -0.042065078431372555, "0.050": -0.024651559523809524}, "methods": {"Gaussian": {"0.005": -0.03088032533864659, "0.010": -0.028466141656641516, "0.050": -0.02175983222647717}, "KDE": {"0.005": -0.051161288030945745, "0.010": -0.04157469129264082, "0.050": -0.02447588934965865}, "AD-Wiener": {"0.005": -0.05219716076181036, "0.010": -0.04216444140401072, "0.050": -0.024683696237110808}, "Mixture": {"0.005": -0.05290125521381156, "0.010": -0.04251020268450516, "0.050": -0.02428446052945674}}, "hill_tail_index": 2.911592261682174}, "JPM": {"levels": [0.005, 0.01, 0.05], "historical": {"0.005": -0.11727423076923077, "0.010": -0.09383149019607843, "0.050": -0.051254988095238097}, "methods": {"Gaussian": {"0.005": -0.06554662689252895, "0.010": -0.06043361083244024, "0.050": -0.04634569772769417}, "KDE": {"0.005": -0.11906873980807456, "0.010": -0.09422760580519474, "0.050": -0.05152173858296685}, "AD-Wiener": {"0.005": -0.1208865630102171, "0.010": -0.0955060439370586, "0.050": -0.052099577659065276}, "Mixture": {"0.005": -0.12022466793373528, "0.010": -0.09570323294842871, "0.050": -0.05114593091800349}}, "hill_tail_index": 2.5132671908676687}, "WMT": {"levels": [0.005, 0.01, 0.05], "historical": {"0.005": -0.062752, "0.010": -0.04937090196078431, "0.050": -0.02807313095238095}, "methods": {"Gaussian": {"0.005": -0.03610899148110299, "0.010": -0.03332767601522503, "0.050": -0.025660039539235856}, "KDE": {"0.005": -0.06320262589481156, "0.010": -0.049712143789583184, "0.050": -0.028066026016606425}, "AD-Wiener": {"0.005": -0.06427311142738917, "0.010": -0.05033170677138622, "0.050": -0.028331836864373138}, "Mixture": {"0.005": -0.061657045729321985, "0.010": -0.04892238798144778, "0.050": -0.028038138116202257}}, "hill_tail_index": 2.7763812613632384}, "INTC": {"levels": [0.005, 0.01, 0.05], "historical": {"0.005": -0.10550165384615386, "0.010": -0.08418956862745099, "0.050": -0.048365674603174605}, "methods": {"Gaussian": {"0.005": -0.0596313637090123, "0.010": -0.05482826473311633, "0.050": -0.04198990910495971}, "KDE": {"0.005": -0.09878183250297841, "0.010": -0.08042733271222206, "0.050": -0.047884734116064656}, "AD-Wiener": {"0.005": -0.1054778399872875, "0.010": -0.08429751828423761,