{"MKT_vw": {"levels": [0.005, 0.01, 0.05], "historical": {"0.005": -0.04532976, "0.010": -0.03514388, "0.050": -0.017949200000000002}, "methods": {"Gaussian": {"0.005": -0.030375831864481354, "0.010": -0.027784475913405035, "0.050": -0.019578515401663346}, "KDE": {"0.005": -0.04506018225391385, "0.010": -0.035126651108121285, "0.050": -0.017850944767612467}, "AD-Wiener": {"0.005": -0.04592396757093929, "0.010": -0.035126651108121285, "0.050": -0.017850944767612467}, "Mixture": {"0.005": -0.04765153820499017, "0.010": -0.035126651108121285, "0.050": -0.018282837426125187}}}, "MKT_ew": {"levels": [0.005, 0.01, 0.05], "historical": {"0.005": -0.04131584, "0.010": -0.030730320000000002, "0.050": -0.0167436}, "methods": {"Gaussian": {"0.005": -0.028741043222602708, "0.010": -0.026036626065068458, "0.050": -0.01830971990068489}, "KDE": {"0.005": -0.041490438393835594, "0.010": -0.030672769763698593, "0.050": -0.016764338667808173}, "AD-Wiener": {"0.005": -0.04264947431849313, "0.010": -0.031059115071917776, "0.050": -0.016764338667808173}, "Mixture": {"0.005": -0.04380851024315066, "0.010": -0.03183180568835613, "0.050": -0.017150683976027356}}}, "SP500": {"levels": [0.005, 0.01, 0.05], "historical": {"0.005": -0.04452504, "0.010": -0.03471668, "0.050": -0.0181038}, "methods": {"Gaussian": {"0.005": -0.03066191465410932, "0.010": -0.027652546428081917, "0.050": -0.019484261243150364}, "KDE": {"0.005": -0.04484893629109571, "0.010": -0.03496101211986277, "0.050": -0.01819453200342433}, "AD-Wiener": {"0.005": -0.04656857527739709, "0.010": -0.03539092186643812, "0.050": -0.01819453200342433}, "Mixture": {"0.005": -0.045708755784246394, "0.010": -0.03496101211986277, "0.050": -0.01819453200342433}}}, "MSFT": {"levels": [0.005, 0.01, 0.05], "historical": {"0.005": -0.05665344, "0.010": -0.0445176, "0.050": -0.0250716}, "methods": {"Gaussian": {"0.005": -0.043182543424167205, "0.010": -0.03921780785567397, "0.050": -0.02732360115019425}, "KDE": {"0.005": -0.057908704107142106, "0.010": -0.044881715810664316, "0.050": -0.025624428763697152}, "AD-Wiener": {"0.005": -0.05904148569814016, "0.010": -0.045448106606163344, "0.050": -0.02505803796819811}, "Mixture": {"0.005": -0.06017426728913823, "0.010": -0.044881715810664316, "0.050": -0.024491647172699083}}}, "KO": {"levels": [0.005, 0.01, 0.05], "historical": {"0.005": -0.03885944, "0.010": -0.031368759999999996, "0.050": -0.0160132}, "methods": {"Gaussian": {"0.005": -0.029128150289138635, "0.010": -0.02598328909931473, "0.050": -0.018514243773482972}, "KDE": {"0.005": -0.03934894915606631, "0.010": -0.03148679618150656, "0.050": -0.01615559788111505}, "AD-Wiener": {"0.005": -0.04052827210225027, "0.010": -0.03148679618150656, "0.050": -0.01615559788111505}, "Mixture": {"0.005": -0.039742056804794285, "0.010": -0.030700580884050588, "0.050": -0.01654870552984304}}}, "XOM": {"levels": [0.005, 0.01, 0.05], "historical": {"0.005": -0.05116672, "0.010": -0.04575976, "0.050": -0.024051}, "methods": {"Gaussian": {"0.005": -0.042651419893835085, "0.010": -0.0384732077773967, "0.050": -0.02713234631849247}, "KDE": {"0.005": -0.05220161901712285, "0.010": -0.04563585711986251, "0.050": -0.024744796537670533}, "AD-Wiener": {"0.005": -0.05220161901712285, "0.010": -0.04563585711986251, "0.050": -0.024744796537670533}, "Mixture": {"0.005": -0.05279850646232834, "0.010": -0.04324830733904057, "0.050": -0.024744796537670533}}}, "GE": {"levels": [0.005, 0.01, 0.05], "historical": {"0.005": -0.07886512, "0.010": -0.06122656, "0.050": -0.0304024}, "methods": {"Gaussian": {"0.005": -0.05291913983023412, "0.010": -0.04791014765900117, "0.050": -0.033598741455478504}, "KDE": {"0.005": -0.07867967099657493, "0.010": -0.06222155386252386, "0.050": -0.03073646021477397}, "AD-Wiener": {"0.005": -0.07939524130675106, "0.010": -0.06222155386252386, "0.050": -0.030020889904597836}, "Mixture": {"0.005": -0.08154195223727946, "0.010": -0.06365269448287612, "0.050": -0.030020889904597836}}}, "AAPL": {"levels": [0.005, 0.01, 0.05], "historical": {"0.005": -0.06433688, "0.010": -0.05458064, "0.050": -0.029775}, "methods": {"Gaussian": {"0.005": -0.050948827579744824, "0.010": -0.04558339517954904, "0.050": -0.031871734601270935}, "KDE": {"0.005": -0.06466048815802293, "0.010": -0.05452578251320868, "0.050": -0.030083257134539007}, "AD-Wiener": {"0.005": -0.06406432900244562, "0.010": -0.05452578251320868, "0.050": -0.030083257134539007}, "Mixture": {"0.005": -0.06704512478033216, "0.010": -0.05333346420205405, "0.050": -0.030679416290116307}}}, "PG": {"levels": [0.005, 0.01, 0.05], "historical": {"0.005": -0.04006196, "0.010": -0.03249812, "0.050": -0.0159932}, "methods": {"Gaussian": {"0.005": -0.028810809742172067, "0.010": -0.02619719954354191, "0.050": -0.01835636894765147}, "KDE": {"0.005": -0.040385369193248435, "0.010": -0.032544538597357994, "0.050": -0.016116131634539912}, "AD-Wiener": {"0.005": -0.04075874207876703, "0.010": -0.032544538597357994, "0.050": -0.016116131634539912}, "Mixture": {"0.005": -0.04113211496428562, "0.010": -0.03142441994080221, "0.050": -0.016116131634539912}}}, "JNJ": {"levels": [0.005, 0.01, 0.05], "historical": {"0.005": -0.038267800000000005, "0.010": -0.028911, "0.050": -0.0152914}, "methods": {"Gaussian": {"0.005": -0.027495022607142205, "0.010": -0.024839626107142146, "0.050": -0.017252778964284843}, "KDE": {"0.005": -0.03811660860714243, "0.010": -0.029012392035713666, "0.050": -0.01535606717857052}, "AD-Wiener": {"0.005": -0.0384959509642853, "0.010": -0.029012392035713666, "0.050": -0.01535606717857052}, "Mixture": {"0.005": -0.0373579238928567, "0.010": -0.02825370732142793, "0.050": -0.01535606717857052}}}, "JPM": {"levels": [0.005, 0.01, 0.05], "historical": {"0.005": -0.08126712, "0.010": -0.06077284, "0.050": -0.0298008}, "methods": {"Gaussian": {"0.005": -0.058322226332189336, "0.010": -0.052695470428079594, "0.050": -0.03675299536643528}, "KDE": {"0.005": -0.08270483524999828, "0.010": -0.06113560428424422, "0.050": -0.030188446811640568}, "AD-Wiener": {"0.005": -0.08270483524999828, "0.010": -0.06113560428424422, "0.050": -0.030188446811640568}, "Mixture": {"0.005": -0.08551821320205316, "0.010": -0.06019781163355925, "0.050": -0.030188446811640568}}}, "WMT": {"levels": [0.005, 0.01, 0.05], "historical": {"0.005": -0.04023872, "0.010": -0.031904880000000004, "0.050": -0.017866}, "methods": {"Gaussian": {"0.005": -0.03212307137720115, "0.010": -0.02906281521477451, "0.050": -0.020392089421232357}, "KDE": {"0.005": -0.04028375447700552, "0.010": -0.03212307137720115, "0.050": -0.01784187595254348}, "AD-Wiener": {"0.005": -0.0407937971707433, "0.010": -0.032633114070938926, "0.050": -0.01784187595254348}, "Mixture": {"0.005": -0.0407937971707433, "0.010": -0.03212307137720115, "0.050": -0.01784187595254348}}}, "INTC": {"levels": [0.005, 0.01, 0.05], "historical": {"0.005": -0.07113736, "0.010": -0.05573908, "0.050": -0.0304374}, "methods": {"Gaussian": {"0.005": -0.05314720565900173, "0.010": -0.04786429145939308, "0.050": -0.03333627741046938}, "KDE": {"0.005": -0.07031667680772977, "0.010": -0.05644902703375712, "0.050": -0.03069482031066506}, "AD-Wiener": {"0.005": -0.07427886245743624, "0.010": -0.05710939130870819, "0.050": -0.030034456035713974}, "Mixture": {"0.005": -0.0755995910073384, "0.010": -0.05710939130870819, "0.050": -0.03069482031066506}}}, "_meta": {"source": "CRSP daily returns via wrds_extract_crsp.py", "estimators": ["Gaussian", "KDE (Silverman)", "AD-Wiener", "adaptive Mixture"], "reference": "historical (empirical) quantile / shortfall", "alphas": [0.005, 0.01, 0.05], "annualization": "sqrt(252)"}}